{"cameraMode":{"drawMode":0,"name":"Shaded","section":"Shading Mode"},"sceneLighting":false,"audioPlay":false,"sceneViewState":{"showFog":true,"showMaterialUpdate":false,"showSkybox":false,"showFlares":true,"showImageEffects":true,"showParticleSystems":true},"in2DMode":false,"pivot":{"x":-0.5047770738601685,"y":0.05295908451080322,"z":77.64095306396485},"rotation":{"x":0.20708684623241425,"y":0.11212856322526932,"z":-0.023895494639873506,"w":0.971588134765625},"size":2.1188669204711916,"orthographic":false}