{"cameraMode":{"drawMode":0,"name":"Shaded","section":"Shading Mode"},"sceneLighting":false,"audioPlay":false,"sceneViewState":{"showFog":true,"showMaterialUpdate":false,"showSkybox":false,"showFlares":true,"showImageEffects":true,"showParticleSystems":true},"in2DMode":false,"pivot":{"x":-0.3515653610229492,"y":3.999999761581421,"z":404.010009765625},"rotation":{"x":-0.1690308153629303,"y":-0.5724038481712341,"z":0.12200383096933365,"w":-0.7930452227592468},"size":4.092142581939697,"orthographic":false}