{"cameraMode":{"drawMode":0,"name":"Shaded","section":"Shading Mode"},"sceneLighting":false,"audioPlay":false,"sceneViewState":{"showFog":true,"showMaterialUpdate":false,"showSkybox":false,"showFlares":true,"showImageEffects":true,"showParticleSystems":true},"in2DMode":false,"pivot":{"x":-3.1724982261657717,"y":-0.4345102310180664,"z":160.05245971679688},"rotation":{"x":0.004631469026207924,"y":0.9771740436553955,"z":-0.21134375035762788,"w":0.021400943398475648},"size":17.013521194458009,"orthographic":false}