{"cameraMode":{"drawMode":0,"name":"Shaded","section":"Shading Mode"},"sceneLighting":false,"audioPlay":false,"sceneViewState":{"showFog":true,"showMaterialUpdate":false,"showSkybox":false,"showFlares":true,"showImageEffects":true,"showParticleSystems":true},"in2DMode":false,"pivot":{"x":-1.16796875,"y":20.2056884765625,"z":134.77197265625},"rotation":{"x":0.029951371252536775,"y":0.45271676778793337,"z":0.015217285603284836,"w":-0.8910281658172607},"size":15.126811981201172,"orthographic":true}