{"cameraMode":{"drawMode":0,"name":"Shaded","section":"Shading Mode"},"sceneLighting":false,"audioPlay":false,"sceneViewState":{"showFog":true,"showMaterialUpdate":false,"showSkybox":false,"showFlares":true,"showImageEffects":true,"showParticleSystems":true},"in2DMode":false,"pivot":{"x":-1.1510009765625,"y":5.72283935546875,"z":403.59326171875},"rotation":{"x":-0.0538666658103466,"y":0.06286603957414627,"z":0.003397987224161625,"w":0.9965609908103943},"size":4.092142581939697,"orthographic":true}