{"cameraMode":{"drawMode":0,"name":"Shaded","section":"Shading Mode"},"sceneLighting":false,"audioPlay":false,"sceneViewState":{"showFog":true,"showMaterialUpdate":false,"showSkybox":false,"showFlares":true,"showImageEffects":true,"showParticleSystems":true},"in2DMode":false,"pivot":{"x":0.406494140625,"y":3.22552490234375,"z":158.87109375},"rotation":{"x":-0.028402693569660188,"y":0.0808785930275917,"z":0.0023056413047015669,"w":0.9963169097900391},"size":6.110606670379639,"orthographic":true}